Audio for this story from	228
will be available at approximately	228
in the future Please be	166
transcripts are created on a	166
NPR transcripts are created on	166
information NPR transcripts are created	166
further information NPR transcripts are	166
for further information NPR transcripts	166
page for further information NPR	166
permissions page for further information	166
our permissions page for further	166
Visit our permissions page for	166
permission Visit our permissions page	166
prior permission Visit our permissions	166
s prior permission Visit our	166
NPR s prior permission Visit	166
requires NPR s prior permission	166
use requires NPR s prior	166
other use requires NPR s	166
Any other use requires NPR	166
Use Any other use requires	166
of Use Any other use	166
Terms of Use Any other	166
our Terms of Use Any	166
the materials contained herein may	166
to our Terms of Use	166
pursuant to our Terms of	166
only pursuant to our Terms	166
use only pursuant to our	166
noncommercial use only pursuant to	166
personal noncommercial use only pursuant	166
for personal noncommercial use only	166
provided for personal noncommercial use	166
is provided for personal noncommercial	166
transcript is provided for personal	166
This transcript is provided for	166
NPR This transcript is provided	166
to NPR This transcript is	166
attribution to NPR This transcript	166
without attribution to NPR This	166
media without attribution to NPR	166
any media without attribution to	166
in any media without attribution	166
used in any media without	166
be used in any media	166
may be used in any	166
herein may be used in	166
contained herein may be used	166
materials contained herein may be	166
on a rush deadline by	166
from the materials contained herein	166
quotes from the materials contained	166
No quotes from the materials	166
reserved No quotes from the	166
rights reserved No quotes from	166
All rights reserved No quotes	166
NPR All rights reserved No	166
a rush deadline by a	166
rush deadline by a contractor	166
deadline by a contractor for	166
other uses prior permission required	166
For other uses prior permission	166
Use For other uses prior	166
of Use For other uses	166
Terms of Use For other	166
See Terms of Use For	166
only See Terms of Use	166
use only See Terms of	166
noncommercial use only See Terms	166
personal noncommercial use only See	166
For personal noncommercial use only	166
NPR For personal noncommercial use	166
by a contractor for NPR	166
a contractor for NPR and	166
contractor for NPR and accuracy	166
for NPR and accuracy and	166
NPR and accuracy and availability	166
and accuracy and availability may	166
accuracy and availability may vary	166
are created on a rush	166
and availability may vary This	166
availability may vary This text	166
may vary This text may	166
vary This text may not	166
This text may not be	166
s programming is the audio	166
NPR s programming is the	166
of NPR s programming is	166
record of NPR s programming	166
authoritative record of NPR s	166
the authoritative record of NPR	166
that the authoritative record of	166
aware that the authoritative record	166
be aware that the authoritative	166
Please be aware that the	166
future Please be aware that	166
the future Please be aware	166
text may not be in	166
revised in the future Please	166
or revised in the future	166
updated or revised in the	166
be updated or revised in	166
may be updated or revised	166
and may be updated or	166
form and may be updated	166
final form and may be	166
its final form and may	166
in its final form and	166
be in its final form	166
not be in its final	166
may not be in its	166
created on a rush deadline	166
Continue reading the main story	159
if you take advantage of	155
a small share of the	152
deals on them click here	151
work together with you to	151
together with you to find	151
with you to find the	151
you to find the best	151
sale We want your feedback	151
the sale We want your	151
of the sale We want	151
share of the sale We	151
small share of the sale	151
on them click here to	151
get a small share of	151
may get a small share	151
we may get a small	151
cover we may get a	151
we cover we may get	151
item we cover we may	151
an item we cover we	151
of an item we cover	151
advantage of an item we	151
take advantage of an item	151
uses prior permission required Copyright	151
you take advantage of an	151
We work together with you	151
and if you take advantage	151
Advertising and if you take	151
and Advertising and if you	151
Editorial and Advertising and if	151
of Editorial and Advertising and	151
independently of Editorial and Advertising	151
operate independently of Editorial and	151
We operate independently of Editorial	151
to find the best products	151
find the best products and	151
the best products and the	151
best products and the best	151
click here to learn more	151
them click here to learn	151
products and the best deals	151
and the best deals on	151
best deals on them click	151
the best deals on them	151
Magazine s email newsletter to	137
articles sent to your inbox	137
to the BBC News Magazine	137
the BBC News Magazine s	137
BBC News Magazine s email	137
News Magazine s email newsletter	137
Subscribe to the BBC News	137
s email newsletter to get	137
email newsletter to get articles	137
newsletter to get articles sent	137
to get articles sent to	137
get articles sent to your	137
at approximately 7 00 p	130
this story from All Things	130
for this story from All	130
approximately 7 00 p m	130
All Things Considered will be	130
Things Considered will be available	130
Considered will be available at	130
7 00 p m ET	130
be available at approximately 7	130
available at approximately 7 00	130
from All Things Considered will	130
story from All Things Considered	130
you don t have to	118
here to learn more We	116
more We operate independently of	116
learn more We operate independently	116
to learn more We operate	116
at the end of the	99
your device try our mobile	92
a better experience on your	92
device try our mobile site	92
For a better experience on	92
better experience on your device	92
on your device try our	92
experience on your device try	92
you ll be able to	88
Copyright 2015 NPR For personal	83
2015 NPR All rights reserved	83
Copyright 2015 NPR All rights	83
Copyright 2014 NPR All rights	83
2014 NPR All rights reserved	83
required Copyright 2015 NPR All	83
is one of the most	83
Copyright 2014 NPR For personal	83
2014 NPR For personal noncommercial	83
permission required Copyright 2015 NPR	83
prior permission required Copyright 2015	83
2015 NPR For personal noncommercial	83
Francesco Jodice What We Want	80
you don t want to	79
the end of the year	76
Secretary of State John Kerry	73
the rest of the world	73
on how to do so	72
version If you want to	72
on a smartphone or tablet	72
a smartphone or tablet via	71
Twitter to get the latest	71
on Twitter to get the	71
more details will be published	71
BBCBreaking on Twitter to get	71
follow BBCBreaking on Twitter to	71
also follow BBCBreaking on Twitter	71
can also follow BBCBreaking on	71
You can also follow BBCBreaking	71
page You can also follow	71
help page You can also	71
this help page You can	71
on this help page You	71
available on this help page	71
are available on this help	71
details will be published shortly	71
so are available on this	71
do so are available on	71
to do so are available	71
Please refresh the page for	71
how to do so are	71
will be published shortly Please	71
details on how to do	71
then details on how to	71
App then details on how	71
News App then details on	71
BBC News App then details	71
the BBC News App then	71
via the BBC News App	71
tablet via the BBC News	71
or tablet via the BBC	71
smartphone or tablet via the	71
story is being updated and	71
is being updated and more	71
being updated and more details	71
refresh the page for the	71
the page for the fullest	71
page for the fullest version	71
for the fullest version If	71
the fullest version If you	71
fullest version If you want	71
breaking news story is being	71
This breaking news story is	71
be published shortly Please refresh	71
published shortly Please refresh the	71
news story is being updated	71
If you want to receive	71
updated and more details will	71
shortly Please refresh the page	71
to get the latest alerts	71
or on a smartphone or	71
email or on a smartphone	71
via email or on a	71
alerts via email or on	71
News alerts via email or	71
in the middle of the	71
Breaking News alerts via email	71
receive Breaking News alerts via	71
to receive Breaking News alerts	71
want to receive Breaking News	71
you want to receive Breaking	71
and more details will be	71
only mode We are working	70
Kinja is in read only	70
is in read only mode	70
in read only mode We	70
read only mode We are	70
mode We are working to	70
We are working to restore	70
are working to restore service	70
12 00 p m ET	69
permission required Copyright 2014 NPR	68
prior permission required Copyright 2014	68
required Copyright 2014 NPR All	68
for this story from Weekend	67
approximately 12 00 p m	67
at approximately 12 00 p	67
available at approximately 12 00	67
be available at approximately 12	67
this story from Weekend Edition	67
one of the world s	64
I don t want to	61
for the first time in	60
Cooper Hewitt Smithsonian Design Museum	57
in the wake of the	55
There are a lot of	54
it s going to be	54
You don t have to	52
said in a statement The	51
at the top of the	50
of some of the best	50
in its nomination thread here	49
by the end of the	49
for the first time since	48
of the artist and Callicoon	48
artist and Callicoon Fine Arts	48
Courtesy of the artist and	48
the artist and Callicoon Fine	48
Hoff Courtesy of the artist	48
and Callicoon Fine Arts NY	48
James Hoff Courtesy of the	48
won t be able to	46
in the run up to	45
North Korean leader Kim Jong	45
HAPAK PROP STYLING BY ANDREA	44
PROP STYLING BY ANDREA HUELSE	44
STYLING BY ANDREA HUELSE ART	44
BY ANDREA HUELSE ART DEPARTMENT	44
ANDREA HUELSE ART DEPARTMENT WARDROBE	44
HUELSE ART DEPARTMENT WARDROBE STYLING	44
ART DEPARTMENT WARDROBE STYLING BY	44
DEPARTMENT WARDROBE STYLING BY MINDY	44
WARDROBE STYLING BY MINDY SAAD	44
STYLING BY MINDY SAAD CELESTINE	44
MINDY SAAD CELESTINE AGENCY HAIR	44
SAAD CELESTINE AGENCY HAIR BY	44
CELESTINE AGENCY HAIR BY BELLAIR	44
AGENCY HAIR BY BELLAIR USING	44
HAIR BY BELLAIR USING RICH	44
BY BELLAIR USING RICH HAIR	44
BELLAIR USING RICH HAIR CARE	44
BY MINDY SAAD CELESTINE AGENCY	44
City of Rio de Janeiro	44
USING RICH HAIR CARE AT	44
RICH HAIR CARE AT FACTORY	44
HAIR CARE AT FACTORY DOWNTOWN	44
CARE AT FACTORY DOWNTOWN MAKEUP	44
Where It Blew Up Twitter	44
AT FACTORY DOWNTOWN MAKEUP BY	44
FACTORY DOWNTOWN MAKEUP BY JESSICA	44
DOWNTOWN MAKEUP BY JESSICA ORTIZ	44
MAKEUP BY JESSICA ORTIZ THE	44
BY JESSICA ORTIZ THE WALL	44
JESSICA ORTIZ THE WALL GROUP	44
PETER HAPAK PROP STYLING BY	44
State of the Union address	43
at the bottom of the	43
in the U S and	43
GROUP PETER HAPAK PROP STYLING	42
WALL GROUP PETER HAPAK PROP	42
THE WALL GROUP PETER HAPAK	42
ORTIZ THE WALL GROUP PETER	42
U S President Barack Obama	42
site Also in the News	41
the end of the day	41
mobile site Also in the	41
our mobile site Also in	41
try our mobile site Also	41
the News Have Your Say	41
It Blew Up Twitter blogs	41
in the News Have Your	41
Also in the News Have	41
Weekend Edition Saturday will be	40
Our selection of some of	40
the best news photographs taken	40
don t want to be	40
the Department of Homeland Security	40
if you don t have	40
of the best news photographs	40
some of the best news	40
news photographs taken around the	40
selection of some of the	40
story from Weekend Edition Saturday	40
from Weekend Edition Saturday will	40
Edition Saturday will be available	40
Saturday will be available at	40
You can read more in	40
photographs taken around the world	40
s going to be a	40
best news photographs taken around	40
Your Say Our selection of	39
Have Your Say Our selection	39
News Have Your Say Our	39
Say Our selection of some	39
the other side of the	39
I m not going to	38
JavaScript Media requires JavaScript to	38
as a result of the	38
Please turn on JavaScript Media	38
Media requires JavaScript to play	38
on JavaScript Media requires JavaScript	38
of the world s most	38
There s a lot of	38
If you re looking for	38
turn on JavaScript Media requires	38
to find a way to	37
more in its nomination thread	37
if you don t want	37
the most popular items we	37
in the middle of a	37
by an Al Qaeda affiliated	36
original artworks commissioned by the	36
several original artworks commissioned by	36
with several original artworks commissioned	36
decorated with several original artworks	36
are decorated with several original	36
Broadway are decorated with several	36
770 Broadway are decorated with	36
at 770 Broadway are decorated	36
company Natalie Keyssar for Wired	36
located at 770 Broadway are	36
City located at 770 Broadway	36
the company Natalie Keyssar for	36
U S Secretary of State	36
S Secretary of State John	36
York City located at 770	36
you have to do is	36
New York City located at	36
in New York City located	36
was one of the most	36
is one of the best	36
by the company Natalie Keyssar	36
offices in New York City	36
new offices in New York	36
s new offices in New	36
Facebook s new offices in	36
commissioned by the company Natalie	36
Qaeda in the Arabian Peninsula	36
artworks commissioned by the company	36
one of the most important	36
At the end of the	36
November 14th 2014 Manhattan NY	36
learn more and connect We	35
Black Friday and Cyber Monday	35
year round We work together	35
Kinja Deals for the best	35
Follow Kinja Deals for the	35
and connect We operate independently	35
there are a lot of	35
Deals for the best deal	35
to learn more and connect	35
the best deal and product	35
best deal and product coverage	35
for the best deal and	35
here to learn more and	35
product coverage year round We	35
deal and product coverage year	35
round We work together with	35
and product coverage year round	35
to be one of the	35
connect We operate independently of	35
more and connect We operate	35
coverage year round We work	35
It s one of the	35
Seth Rogen and James Franco	35
Here are some of the	34
Radio 4 s Today programme	34
at the time of the	34
in the early hours of	34
one of the most popular	34
around the world during the	33
and the rest of the	33
if you re looking for	33
you don t need to	33
I don t think it	33
Star Wars The Force Awakens	33
today or until sold out	33
If you re going to	32
in the Arabian Peninsula AQAP	32
during the past 24 hours	32
You don t need to	32
before the end of the	32
taken around the world during	32
I don t know if	32
the world during the past	32
world during the past 24	32
among the most popular items	31
this story from Morning Edition	31
for this story from Morning	31
available at approximately 9 00	31
00 p m ET The	31
Posts Kinja is in read	31
can read more in its	31
be available at approximately 9	31
read more in its nomination	31
Edition will be available at	31
9 00 a m ET	31
approximately 9 00 a m	31
in the United States and	31
Morning Edition will be available	31
at approximately 9 00 a	31
from Morning Edition will be	31
story from Morning Edition will	31
Popular Posts Kinja is in	30
the grand jury s decision	30
Why it s great Thanksgiving	30
you don t have a	30
from Imagine Architecture Copyright Gestalten	30
s great Thanksgiving viewing Because	30
it s great Thanksgiving viewing	30
to figure out how to	30
is a great way to	30
Kinja Popular Posts Kinja is	30
Imagine Architecture Copyright Gestalten 2014	30
Even if you don t	30
the death of Eric Garner	29
All our stories are at	29
don t have to worry	29
here s a great deal	29
in the form of a	29
But that doesn t mean	29
stories are at bbc com	29
I don t know what	29
when it comes to the	29
are at bbc com trending	29
on the other side of	29
our stories are at bbc	29
Pictures Corporation All rights reserved	28
Privacy Policy Your California Privacy	28
Policy Your California Privacy Rights	28
Your California Privacy Rights The	28
California Privacy Rights The material	28
Paramount Pictures Corporation All rights	28
acceptance of our User Agreement	28
constitutes acceptance of our User	28
but at the same time	28
this Site constitutes acceptance of	28
Site constitutes acceptance of our	28
otherwise used except with the	28
used except with the prior	28
Privacy Rights The material on	28
BBC Radio 4 s Today	28
If you don t have	28
a long way to go	28
in front of a mural	28
front of a mural by	28
Rights The material on this	28
The material on this site	28
material on this site may	28
More Follow daily_politics on Twitter	28
Follow daily_politics on Twitter and	28
daily_politics on Twitter and like	28
Brian Carlin Team Vestas Wind	28
on Twitter and like us	28
Twitter and like us on	28
and like us on Facebook	28
like us on Facebook and	28
us on Facebook and watch	28
on Facebook and watch a	28
or otherwise used except with	28
on this site may not	28
t have to worry about	28
written permission of Cond Nast	28
prior written permission of Cond	28
the prior written permission of	28
this site may not be	28
site may not be reproduced	28
and Paramount Pictures Corporation All	28
Inc and Paramount Pictures Corporation	28
may not be reproduced distributed	28
Entertainment Inc and Paramount Pictures	28
Bros Entertainment Inc and Paramount	28
not be reproduced distributed transmitted	28
Warner Bros Entertainment Inc and	28
2014 Warner Bros Entertainment Inc	28
on the BBC News Channel	28
with the prior written permission	28
Cond Nast All rights reserved	28
be reproduced distributed transmitted cached	28
reproduced distributed transmitted cached or	28
distributed transmitted cached or otherwise	28
transmitted cached or otherwise used	28
Nast All rights reserved Use	28
a year and a half	28
Use of this Site constitutes	28
hostage by an Al Qaeda	28
our User Agreement and Privacy	28
All rights reserved Use of	28
rights reserved Use of this	28
reserved Use of this Site	28
Agreement and Privacy Policy Your	28
of our User Agreement and	28
of this Site constitutes acceptance	28
and Privacy Policy Your California	28
cached or otherwise used except	28
Facebook and watch a recent	28
User Agreement and Privacy Policy	28
at the start of the	28
except with the prior written	28
you re going to be	27
Trending on Twitter BBCtrending All	27
BBC Trending on Twitter BBCtrending	27
follow BBC Trending on Twitter	27
Sunday will be available at	27
Edition Sunday will be available	27
Weekend Edition Sunday will be	27
from Weekend Edition Sunday will	27
to yourpics bbc co uk	27
story from Weekend Edition Sunday	27
on Twitter BBCtrending All our	27
recent clip and watch full	27
a recent clip and watch	27
clip and watch full programmes	27
Follow BBCNewsbeat on Twitter and	27
watch a recent clip and	27
and watch a recent clip	27
and watch full programmes on	27
watch full programmes on iPlayer	27
Twitter BBCtrending All our stories	27
BBCNewsbeat on Twitter and Radio1Newsbeat	27
on Twitter and Radio1Newsbeat on	27
Twitter and Radio1Newsbeat on YouTube	27
BBCtrending All our stories are	27
there s a lot of	27
people have been killed in	27
at the end of a	27
an all time low price	27
this is the first time	27
for more than a decade	27
declined to comment on the	27
main stories covered in the	26
only a matter of time	26
don t know how to	26
spend a lot of time	26
detailed round up of the	26
there s a good chance	26
reviews on the BBC News	26
to come up with a	26
over the last few years	26
with the rest of the	26
round up of the main	26
Want to see your work	26
to see your work on	26
see your work on Lifehacker	26
your work on Lifehacker Email	26
Those of you who nominated	26
re going to have to	26
up of the main stories	26
you re going to have	26
That s not to say	26
of the main stories covered	26
the main stories covered in	26
A detailed round up of	26
stories covered in the UK	26
covered in the UK s	26
in the UK s national	26
the UK s national newspapers	26
UK s national newspapers including	26
s national newspapers including a	26
national newspapers including a look	26
newspapers including a look at	26
including a look at the	26
a look at the front	26
look at the front pages	26
so you don t have	26
at the front pages and	26
the front pages and expert	26
said in a statement that	26
s State of the Union	26
front pages and expert reviews	26
pages and expert reviews on	26
and expert reviews on the	26
expert reviews on the BBC	26
on both sides of the	26
amount of money and it	25
anyone on your shopping list	25
s take a look at	25
one here s a great	25
some of the world s	25
a modest amount of money	25
have anyone on your shopping	25
told the BBC that the	25
you have anyone on your	25
that could use one here	25
could use one here s	25
work on Lifehacker Email Andy	25
on your shopping list that	25
If you have anyone on	25
exist If you have anyone	25
isn t the first time	25
s a bit of a	25
will not be able to	25
to the top of the	25
they exist If you have	25
that they exist If you	25
s Guide to the Galaxy	25
aware that they exist If	25
fully aware that they exist	25
t fully aware that they	25
aren t fully aware that	25
nerds aren t fully aware	25
for a modest amount of	25
non nerds aren t fully	25
USB battery packs are my	25
battery packs are my favorite	25
packs are my favorite generic	25
utility for a modest amount	25
modest amount of money and	25
most non nerds aren t	25
are my favorite generic holiday	25
my favorite generic holiday gift	25
like most non nerds aren	25
of utility for a modest	25
seems like most non nerds	25
favorite generic holiday gift They	25
generic holiday gift They re	25
al Qaeda in the Arabian	25
holiday gift They re useful	25
amount of utility for a	25
for the rest of the	25
gift They re useful to	25
your shopping list that could	25
They re useful to literally	25
tremendous amount of utility for	25
a tremendous amount of utility	25
re useful to literally everyone	25
useful to literally everyone they	25
to literally everyone they offer	25
literally everyone they offer a	25
you re looking for a	25
still seems like most non	25
died at the age of	25
use one here s a	25
it still seems like most	25
and it still seems like	25
money and it still seems	25
shopping list that could use	25
everyone they offer a tremendous	25
they offer a tremendous amount	25
list that could use one	25
to an all time low	25
of money and it still	25
offer a tremendous amount of	25
enough juice to charge up	24
can follow BBC Trending on	24
There s no word on	24
has nothing to do with	24
Menlo Park Calif Nov 11	24
Park Calif Nov 11 2014	24
Nov 11 2014 Menlo Park	24
WIRED November 14th 2014 Manhattan	24
the middle of the night	24
Fit for a Sci Fi	24
to the rest of the	24
Keyssar WIRED November 14th 2014	24
Natalie Keyssar WIRED November 14th	24
works in front of a	24
Duke and Duchess of Cambridge	24
I don t know how	24
Let s take a look	24
will be interesting to see	24
What We Want Hong Kong	24
an Al Qaeda affiliated group	24
cyber attack on Sony Pictures	24
Sports Personality of the Year	24
in the event of a	24
came up with the idea	24
is a bit of a	24
juice to charge up your	24
don t need to be	24
held hostage by an Al	24
You can follow BBC Trending	24
said in a statement on	24
down to an all time	24
Nick Dent The Weinstein Company	24
trips power outages and general	23
popular items we list and	23
we list and they all	23
list and they all carry	23
and they all carry stellar	23
they all carry stellar review	23
all carry stellar review averages	23
limited time you can get	23
a limited time you can	23
For a limited time you	23
and general battery life paranoia	23
we re not going to	23
s enough juice to charge	23
most popular items we list	23
time you can get a	23
That s enough juice to	23
general battery life paranoia Anker	23
are among the most popular	23
Anker E4 for just 24	23
to charge up your average	23
charge up your average smartphone	23
up your average smartphone 4	23
this is one of the	23
your average smartphone 4 5	23
000mAh Anker E4 for just	23
average smartphone 4 5 times	23
outages and general battery life	23
13 000mAh Anker E4 for	23
at the heart of the	23
power outages and general battery	23
smartphone 4 5 times over	23
items we list and they	23
camping trips power outages and	23
flights camping trips power outages	23
long flights camping trips power	23
for long flights camping trips	23
great for long flights camping	23
is great for long flights	23
and is great for long	23
over and is great for	23
4 5 times over and	23
a 13 000mAh Anker E4	23
Korean leader Kim Jong un	23
the rest of the UK	23
look at some of the	23
you can get a 13	23
battery life paranoia Anker battery	23
life paranoia Anker battery packs	23
get a 13 000mAh Anker	23
can get a 13 000mAh	23
the full post linked below	23
check out the full post	23
Geek s Guide to the	23
times over and is great	23
paranoia Anker battery packs are	23
Absurd Creature of the Week	23
Anker battery packs are among	23
battery packs are among the	23
packs are among the most	23
WASHINGTON Reuters The U S	23
I don t think we	23
about the size of a	23
5 times over and is	23
lightning deal That s enough	22
External Battery 24 with code	22
you re not going to	22
doesn t have to be	22
Friday lightning deal That s	22
13000mAh External Battery 24 with	22
all you have to do	22
Black Friday lightning deal That	22
out the full post linked	22
E4 13000mAh External Battery 24	22
Astro E4 13000mAh External Battery	22
Look Fit for a Sci	22
That Look Fit for a	22
Gen Astro E4 13000mAh External	22
Prosthetics That Look Fit for	22
been arrested on suspicion of	22
Printed Prosthetics That Look Fit	22
D Printed Prosthetics That Look	22
U S Air Force photo	22
a Black Friday lightning deal	22
2nd Gen Astro E4 13000mAh	22
but that doesn t mean	22
what you re looking for	22
Anker 2nd Gen Astro E4	22
matching a Black Friday lightning	22
averages Anker 2nd Gen Astro	22
ANKERCM1 matching a Black Friday	22
code ANKERCM1 matching a Black	22
with code ANKERCM1 matching a	22
24 with code ANKERCM1 matching	22
just 24 with code ANKERCM1	22
18 year old Michael Brown	22
review averages Anker 2nd Gen	22
the run up to the	22
for just 24 with code	22
E4 for just 24 with	22
Welcome to Soundtrack what Gizmodo	22
stellar review averages Anker 2nd	22
carry stellar review averages Anker	22
may not be able to	22
Battery 24 with code ANKERCM1	22
deal That s enough juice	22
is the best way to	22
Skip to Main Content Audio	22
to Main Content Audio for	22
Main Content Audio for this	22
Content Audio for this story	22
us there and the people	21
Whose Intricate Architecture Is Designed	21
Architecture Is Designed to Tweak	21
Is Designed to Tweak Taste	21
What s Up With That	21
story Continue reading the main	21
Blew Up Twitter blogs media	21
is part of a series	21
You can follow him on	21
his State of the Union	21
at the University of California	21
Save Our Ecosystems Will We	21
Our Ecosystems Will We Have	21
Ecosystems Will We Have to	21
is going to be a	21
Will We Have to Design	21
We Have to Design Synthetic	21
Have to Design Synthetic Creatures	21
the Associated Press news agency	21
want to be able to	21
or 44 7624 800 100	21
UK or 44 7624 800	21
61124 UK or 44 7624	21
be sure to check out	21
along the way Follow us	21
meet along the way Follow	21
we meet along the way	21
people we meet along the	21
the people we meet along	21
and the people we meet	21
there and the people we	21
Intricate Architecture Is Designed to	21
get us there and the	21
that get us there and	21
gear that get us there	21
and gear that get us	21
vehicles and gear that get	21
the vehicles and gear that	21
outdoors the vehicles and gear	21
the outdoors the vehicles and	21
in the outdoors the vehicles	21
travel in the outdoors the	21
adventure travel in the outdoors	21
about adventure travel in the	21
publication about adventure travel in	21
new publication about adventure travel	21
a new publication about adventure	21
is a new publication about	21
IndefinitelyWild is a new publication	21
and you ve got a	21
don t have to be	21
at a time when the	21
to 61124 UK or 44	21
the legacy of the Troubles	21
for Disease Control and Prevention	21
them to 61124 UK or	21
text them to 61124 UK	21
If you don t want	21
videos to yourpics bbc co	21
French satirical magazine Charlie Hebdo	21
Soundtrack what Gizmodo s staff	21
to Soundtrack what Gizmodo s	21
the U S Department of	21
reading the main story Continue	20
Check out the link for	20
year old man has been	20
the State of the Union	20
of North Korean leader Kim	20
to do the same We	20
friends to do the same	20
from the rest of the	20
Natalie Keyssar for Wired Manhattan	20
your friends to do the	20
This week we re looking	20
Korean leader Kim Jong Un	20
who asked not to be	20
Centers for Disease Control and	20
after the 9 11 attacks	20
Syrian Observatory for Human Rights	20
Watch this if you like	20
if you re going to	20
part of a series in	20
be one of the most	20
to make it easier for	20
It s worth noting that	20
on BBC Radio 4 s	20
But at the same time	20
in the aftermath of the	20
2006 Francesco Jodice What We	20
Don t get me wrong	20
Mattis Dovier for The Jameson	20
at five of the best	20
US Secretary of State John	20
jury s decision not to	20
main story Continue reading the	20
Dovier for The Jameson Works	20
Calif Nov 11 2014 Menlo	20
Computer Fraud and Abuse Act	20
s one of the most	20
at the University of Pennsylvania	20
AR system may render a	20
tens of thousands of people	20
the AR system may render	20
Friday and Cyber Monday are	20
you need to do is	20
in the first half of	20
11 2014 Menlo Park A	20
of my favorite Criterion covers	20
the main story Continue reading	20
s best coverage We work	19
the City of Rio de	19
hundreds of millions of dollars	19
become one of the most	19
there was a lot of	19
in which we are featuring	19
series in which we are	19
a series in which we	19
of a series in which	19
This is part of a	19
the World Economic Forum in	19
even if you don t	19
for a Sci Fi WarriorTo	19
a Sci Fi WarriorTo Save	19
Sci Fi WarriorTo Save Our	19
Fi WarriorTo Save Our Ecosystems	19
WarriorTo Save Our Ecosystems Will	19
16 and 17 year olds	19
assassination of North Korean leader	19
You can also set up	19
has died at the age	19
a day to day basis	19
Hit the link below to	19
the right thing to do	19
BBC com Click and BBCClick	19
at BBC com Click and	19
More at BBC com Click	19
since the start of the	19
on the side of the	19
But when it comes to	19
Follow us on Twitter here	19
blog from Lifehacker all about	19
new blog from Lifehacker all	19
a new blog from Lifehacker	19
is a new blog from	19
you should be able to	19
coverage We work together with	19
best coverage We work together	19
at tips hivefive lifehacker com	19
Internet s best coverage We	19
the Internet s best coverage	19
for the Internet s best	19
here for the Internet s	19
locked here for the Internet	19
it locked here for the	19
Keep it locked here for	19
At the same time the	19
corner Keep it locked here	19
the corner Keep it locked	19
around the corner Keep it	19
right around the corner Keep	19
are right around the corner	19
It s going to be	19
Monday are right around the	19
Cyber Monday are right around	19
and Cyber Monday are right	19
You don t want to	19
they don t have to	19
the end of the month	19
week we re looking at	19
or text them to 61124	19
uk or text them to	19
we re looking at five	19
co uk or text them	19
bbc co uk or text	19
re looking at five of	19
grand jury s decision not	19
looking at five of the	19
yourpics bbc co uk or	19
over the course of the	19
and videos to yourpics bbc	19
pictures and videos to yourpics	19
your pictures and videos to	19
Send your pictures and videos	19
need to be able to	19
many of our best deals	18
right in the Twitter app	18
deals right in the Twitter	18
our deals right in the	18
the San Francisco Bay Area	18
for our deals right in	18
just for our deals right	18
superhero like Vampirella his focus	18
notifications just for our deals	18
push notifications just for our	18
up push notifications just for	18
set up push notifications just	18
also set up push notifications	18
can also set up push	18
like Vampirella his focus is	18
lived You can also set	18
short lived You can also	18
so short lived You can	18
re so short lived You	18
they re so short lived	18
because they re so short	18
Twitter because they re so	18
to Twitter because they re	18
it to Twitter because they	18
make it to Twitter because	18
Vampirella his focus is was	18
only make it to Twitter	18
as one of the most	18
deals only make it to	18
ll be able to get	18
best deals only make it	18
our best deals only make	18
of our best deals only	18
an email at tips hivefive	18
us an email at tips	18
and many of our best	18
deal and many of our	18
a deal and many of	18
about a deal and many	18
know about a deal and	18
you know about a deal	18
let you know about a	18
can let you know about	18
we can let you know	18
way we can let you	18
fastest way we can let	18
the fastest way we can	18
s the fastest way we	18
to the bottom of the	18
It s the fastest way	18
coverage It s the fastest	18
our coverage It s the	18
of our coverage It s	18
component of our coverage It	18
essential component of our coverage	18
an essential component of our	18
s an essential component of	18
it s an essential component	18
us it s an essential	18
his focus is was entirely	18
one of a number of	18
for us it s an	18
bonus for us it s	18
a bonus for us it	18
t a bonus for us	18
isn t a bonus for	18
Twitter isn t a bonus	18
available today or until sold	18
only available today or until	18
focus is was entirely on	18
is was entirely on the	18
the U S Supreme Court	18
told BBC Radio 5 live	18
was entirely on the formal	18
entirely on the formal elements	18
on the formal elements of	18
the formal elements of the	18
but it s hard to	18
formal elements of the character	18
elements of the character s	18
of the character s design	18
the character s design and	18
character s design and costume	18
Send us an email at	18
White House spokesman Josh Earnest	18
Knut Egil Wang Moment INSTITUTE	18
us know what you think	18
as the basis for the	18
they don t want to	18
is meant to be a	18
Guide to the Galaxy podcast	18
the Geek s Guide to	18
on Twitter and on Facebook	18
of the Geek s Guide	18
email at tips hivefive lifehacker	18
U S led air strikes	18
in Australia and New Zealand	18
in the House of Commons	18
is the latest in a	18
with the help of a	18
Whether it s Batman Spiderman	18
the start of the year	18
it s Batman Spiderman or	18
in the hands of the	18
s Batman Spiderman or a	18
Batman Spiderman or a superannuated	18
All you have to do	18
we re going to do	18
This isn t the first	18
Spiderman or a superannuated superhero	18
or a superannuated superhero like	18
that you don t have	18
a matter of time before	18
it was one of the	18
the Office for Budget Responsibility	18
are some of the best	18
North Korea was behind the	18
the other end of the	18
increase in the number of	18
a big part of the	18
a superannuated superhero like Vampirella	18
superannuated superhero like Vampirella his	18
participate in Twitter at all	18
to participate in Twitter at	18
having to participate in Twitter	18
without having to participate in	18
along without having to participate	18
follow along without having to	18
to follow along without having	18
just to follow along without	18
account just to follow along	18
be the best way to	18
an account just to follow	18
create an account just to	18
or create an account just	18
app or create an account	18
Twitter app or create an	18
the Twitter app or create	18
that s shaped like a	18
in the Twitter app or	18
from all over the world	18
t know what to do	18
Name Check Visualized by a	17
Chocolates Whose Intricate Architecture Is	17
don t think it s	17
finance Follow us on Twitter	17
personal finance Follow us on	17
about personal finance Follow us	17
find a way to make	17
all about personal finance Follow	17
Lifehacker all about personal finance	17
way Follow us on Facebook	17
the way Follow us on	17
from Lifehacker all about personal	17
Cents is a new blog	17
Two Cents is a new	17
I don t think I	17
I think it s a	17
and you ll be able	17
at the height of the	17
The Man in the High	17
is one of my favorite	17
Syrian President Bashar al Assad	17
Let us know what you	17
at the Consumer Electronics Show	17
it s not going to	17
in the rest of the	17
in a way that is	17
If you look at the	17
rise in the number of	17
for the Office of the	17
one of the most powerful	17
you don t know what	17
Man in the High Castle	17
European Court of Human Rights	17
Guinea Liberia and Sierra Leone	17
Yet for the Office of	17
Proposal Yet for the Office	17
even if it wasn t	17
one of the country s	17
spent a lot of time	17
Locales That Rappers Name Check	17
of the House of Commons	17
That Rappers Name Check Visualized	17
there are a number of	17
going to be able to	17
are listening to every night	17
to make it easier to	17
Rappers Name Check Visualized by	17
of 18 year old Michael	17
the Office of the Future	17
staff are listening to every	17
s staff are listening to	17
the Office for National Statistics	17
do you come up with	17
Gizmodo s staff are listening	17
what Gizmodo s staff are	17
The Duke and Duchess of	17
doesn t seem to be	17
media think pieces What Really	17
Weirdest Proposal Yet for the	17
it s a bit of	16
is in the process of	16
bursting into the American consciousness	16
conveys the excitement of the	16
Lightning Cable 8 with promo	16
Certified Lightning Cable 8 with	16
MFi Certified Lightning Cable 8	16
the Scenes of Bangladesh s	16
successfully conveys the excitement of	16
cables MFi Certified Lightning Cable	16
Follow us on Facebook Twitter	16
Lightning cables MFi Certified Lightning	16
the Future It s Delightfully	16
many Lightning cables MFi Certified	16
design successfully conveys the excitement	16
too many Lightning cables MFi	16
s design successfully conveys the	16
Corral s design successfully conveys	16
Rodrigo Corral s design successfully	16
Saw the Future It s	16
a group that s been	16
for a group that s	16
us on Facebook Twitter and	16
design for a group that	16
people have been killed and	16
on Facebook Twitter and Instagram	16
Blew Up Twitter blogs What	16
Up Twitter blogs What Really	16
have too many Lightning cables	16
never have too many Lightning	16
Twitter blogs What Really Happened	16
at the American Geophysical Union	16
the so called Islamic State	16
can never have too many	16
original design for a group	16
an original design for a	16
with an original design for	16
One can never have too	16
over the next few years	16
up with an original design	16
It was the first time	16
come up with an original	16
you come up with an	16
I didn t want to	16
How do you come up	16
3 D Printed Prosthetics That	16
Covers Collected in One Beautiful	16
Criterion Covers Collected in One	16
Iconic Criterion Covers Collected in	16
of Iconic Criterion Covers Collected	16
the Internet of Things IoT	16
don t have access to	16
air strikes against Islamic State	16
In an interview with the	16
if you just want to	16
wouldn t be able to	16
and Saw the Future It	16
we ve ever seen on	16
Car and Saw the Future	16
Driving Car and Saw the	16
Self Driving Car and Saw	16
I didn t know what	16
Expand gallery to fullscreen for	16
2008 Francesco Jodice What We	16
step in the right direction	16
a Self Driving Car and	16
be contacted by a BBC	16
one of the best deals	16
that North Korea was behind	16
the Centers for Disease Control	16
the latest in a series	16
contacted by a BBC journalist	16
in a Self Driving Car	16
to be part of the	16
all the way up to	16
What We Want Sao Paulo	16
of the Petroleum Exporting Countries	16
Miles in a Self Driving	16
Multi purpose electrotherapy machine Italy	16
purpose electrotherapy machine Italy 1922	16
A close up view of	16
close up view of the	16
up view of the device	16
view of the device from	16
A mural by a friend	16
mural by a friend of	16
by a friend of David	16
a friend of David Choe	16
friend of David Choe created	16
of David Choe created during	16
David Choe created during the	16
Choe created during the first	16
created during the first weekend	16
during the first weekend Facebook	16
the first weekend Facebook moved	16
first weekend Facebook moved into	16
weekend Facebook moved into the	16
Facebook moved into the campus	16
of the device from the	16
to a whole new level	16
the device from the previous	16
in the wake of a	16
device from the previous slide	16
Deputy Prime Minister Nick Clegg	16
at the WIRED Store opening	16
told BBC Radio 4 s	16
the WIRED Store opening in	16
At the time of the	16
WIRED Store opening in NYC	16
will also be able to	16
Store opening in NYC Bryan	16
come in the form of	16
opening in NYC Bryan Derballa	16
If you re not sure	16
a couple of years ago	16
We don t want to	16
it s one of the	16
Cable 8 with promo code	16
Victor Electrotherapeutic Wall Cabinet USA	16
Years of Iconic Criterion Covers	16
Electrotherapeutic Wall Cabinet USA 1905	16
Wall Cabinet USA 1905 1920	16
But it s not just	16
Wolfgang Ebner and his wife	16
500 Miles in a Self	16
he was being held hostage	16
Al Qaeda affiliated terrorist group	16
Rode 500 Miles in a	16
was one of the first	16
Email matthew_simon wired com or	16
matthew_simon wired com or ping	16
wired com or ping me	16
Callicoon Fine Arts NY Hoff	16
of the University of California	16
he and other hostages were	16
IS formerly ISIS in Syria	16
com or ping me on	16
or ping me on Twitter	16
was working as a journalist	16
ping me on Twitter at	16
World Economic Forum in Davos	16
you re looking for something	16
me on Twitter at mrMattSimon	16
by the end of 2015	16
you d like to see	16
in the next few months	16
of an unarmed black man	16
Israeli Prime Minister Benjamin Netanyahu	16
Bangladesh s Wild and Surreal	16
of Rally Dakar 2015 from	16
I don t think there	16
are some of the most	16
the Computer Fraud and Abuse	16
if you don t know	16
in the midst of a	16
at the same time The	16
of Bangladesh s Wild and	16
James Franco and Seth Rogen	16
To the right of the	16
Cooler Cleaner and More Eco	16
s Cooler Cleaner and More	16
That s Cooler Cleaner and	16
Alternative That s Cooler Cleaner	16
Kettle Alternative That s Cooler	16
Tea Kettle Alternative That s	16
the side of the road	16
Scenes of Bangladesh s Wild	16
If you d like to	16
in much the same way	16
the Spanish enclave of Melilla	16
You ll be able to	16
don t know what to	16
The City of Rio de	16
have something to do with	16
great deal For a limited	15
we don t want to	15
has been arrested on suspicion	15
www bbc co uk privacy	15
arrested on suspicion of murder	15
you won t have to	15
Could Cost You a Cool	15
Batmobile Could Cost You a	15
1963 Batmobile Could Cost You	15
in the Middle East and	15
Restored 1963 Batmobile Could Cost	15
to be contacted by a	15
in other parts of the	15
be interesting to see how	15
the California Academy of Sciences	15
the bottom of the screen	15
I don t think so	15
may or may not be	15
it was going to be	15
think of it as a	15
That s a lot of	15
they ll be able to	15
I Rode 500 Miles in	15
one of the most recognizable	15
Australian Prime Minister Tony Abbott	15
email haveyoursay bbc co uk	15
as a result of a	15
the offices of Charlie Hebdo	15
Jonathan Amos INTERNET bbc co	15
Amos INTERNET bbc co uk	15
INTERNET bbc co uk and	15
bbc co uk and follow	15
co uk and follow me	15
uk and follow me on	15
and follow me on Twitter	15
follow me on Twitter BBCAmos	15
at the same time as	15
the run up to Christmas	15
the number of people who	15
in the second half of	15
at the beginning of the	15
more than a year ago	15
and it s easy to	15
Battle of the Five Armies	15
over the course of a	15
on the day of the	15
York Mayor Bill de Blasio	15
New York Mayor Bill de	15
is a great place to	15
of Ferris Bueller s Day	15
Gadgets of Ferris Bueller s	15
School Gadgets of Ferris Bueller	15
Old School Gadgets of Ferris	15
Glorious Old School Gadgets of	15
nothing to do with the	15
Definitively Prove You Love Your	15
Will Definitively Prove You Love	15
That Will Definitively Prove You	15
Gifts That Will Definitively Prove	15
after being hit by a	15
for the first time and	15
in the past few years	15
could not be reached for	15
Be sure to check out	15
in and out of the	15
000 people have been killed	15
in the third quarter of	15
take a look at the	15
Little Help From My Friends	15
the Sept 11 2001 attacks	15
of the world s population	15
Commission President Jean Claude Juncker	15
needs to be done to	15
in the years after the	15
s a great deal For	15
only valid today or until	15
I don t know why	15
valid today or until sold	15
is one of the biggest	15
but this is the first	15
WIRED com 2014 Cond Nast	15
com 2014 Cond Nast All	15
2014 Cond Nast All rights	15
a great deal For a	15
deal For a limited time	15
These are some of the	15
MP camera on the front	15
what s going on in	15
You can check out the	15
All you need to do	15
I don t think this	15
on the surface of the	15
it s not surprising that	15
Organization of the Petroleum Exporting	15
latest in a series of	15
That Families Design and Build	15
Housing That Families Design and	15
some of the most popular	14
world will be full of	14
we will be able to	14
will be full of fear	14
it s hard to know	14
NPR s Rachel Martin talks	14
is more than just a	14
if you want to get	14
s a little bit of	14
of State John Kerry said	14
on the back of the	14
for a wide range of	14
8 with promo code HE7YOXF4	14
was arrested on suspicion of	14
6 2 liter V8 engine	14
This is the first time	14
House spokesman Josh Earnest said	14
years after the 9 11	14
and we re going to	14
Researchers from the University of	14
I don t think the	14
the years after the 9	14
even if you re not	14
for the first time The	14
We re not going to	14
Hewitt Smithsonian Design Museum The	14
Office for National Statistics ONS	14
you won t be able	14
BBC Sports Personality of the	14
sure to check out our	14
Want your deals the old	14
your deals the old fashioned	14
deals the old fashioned way	14
the old fashioned way Sign	14
old fashioned way Sign up	14
By the end of the	14
fashioned way Sign up for	14
way Sign up for this	14
For what it s worth	14
Sign up for this IFTTT	14
you should be streaming tonight	14
a source close to the	14
what you should be streaming	14
that doesn t mean it	14
up for this IFTTT recipe	14
for this IFTTT recipe to	14
you what you should be	14
this IFTTT recipe to get	14
tell you what you should	14
IFTTT recipe to get a	14
staffers tell you what you	14
If you really want to	14
Gizmodo staffers tell you what	14
recipe to get a digest	14
where Gizmodo staffers tell you	14
to get a digest of	14
Night where Gizmodo staffers tell	14
marked down to an all	14
Movie Night where Gizmodo staffers	14
to Movie Night where Gizmodo	14
Welcome to Movie Night where	14
get a digest of all	14
is not the first time	14
it s a safe bet	14
The New York Times reports	14
a digest of all our	14
departures so far today Number	14
so far today Number of	14
far today Number of Delayed	14
today Number of Delayed Flights	14
digest of all our posts	14
of all our posts sent	14
all our posts sent to	14
the past couple of years	14
Very First Mac of All	14
the Very First Mac of	14
by the Very First Mac	14
Inspired by the Very First	14
Design Inspired by the Very	14
Macintosh Design Inspired by the	14
Slick Macintosh Design Inspired by	14
our posts sent to your	14
posts sent to your email	14
sent to your email every	14
co founder and CEO of	14
to your email every afternoon	14
professor at the University of	14
to cart and use code	14
a bit of a mystery	14
it s easy to see	14
re in the process of	14
the satirical magazine Charlie Hebdo	14
can email haveyoursay bbc co	14
I don t think that	14
republished here under Creative Commons	14
here under Creative Commons license	14
died as a result of	14
would not be able to	14
You can email haveyoursay bbc	14
the end of the world	14
to Design Synthetic Creatures I	14
have anything to do with	14
arrested in connection with the	14
Design Synthetic Creatures I Rode	14
Synthetic Creatures I Rode 500	14
Creatures I Rode 500 Miles	14
two and a half years	14
the U S and Cuba	14
by a white police officer	14
willing to be contacted by	14
are willing to be contacted	14
you are willing to be	14
if you are willing to	14
the tip of the iceberg	14
Future It s Delightfully DullBehind	14
It s Delightfully DullBehind the	14
s Delightfully DullBehind the Scenes	14
Delightfully DullBehind the Scenes of	14
DullBehind the Scenes of Bangladesh	14
wrote in a blog post	14
Islamic State militants in Iraq	14
s easy to see why	14
can t wait to see	14
by the end of this	14
New Silicon Valley HQ Is	13
they don t have the	13
With A Little Help From	13
US President Barack Obama and	13
we don t know what	13
Between 150 and 250 From	13
on your holiday shopping list	13
director of the Center for	13
150 and 250 From Tech	13
and 250 From Tech Toys	13
250 From Tech Toys to	13
From Tech Toys to Adventure	13
but it s still a	13
Wish List Great Gifts Between	13
sexual activity with a child	13
if you want to be	13
We don t need to	13
has been found guilty of	13
all time low price today	13
not be reached for comment	13
grand jury decided not to	13
over the past few years	13
a telephone number if you	13
is one of the few	13
The Battle of the Five	13
New Kind of Buddhist Altar	13
told the Associated Press news	13
it s not just about	13
This Electric Concept Car Could	13
Electric Concept Car Could Finally	13
Concept Car Could Finally Convince	13
and More Awesome Reptiles and	13
Lizards and More Awesome Reptiles	13
Squirting Lizards and More Awesome	13
Hockey Rinks Into Lakes of	13
Turns Hockey Rinks Into Lakes	13
That Turns Hockey Rinks Into	13
Trickery That Turns Hockey Rinks	13
Visual Trickery That Turns Hockey	13
relations between the two countries	13
number if you are willing	13
Car Could Finally Convince Americans	13
Could Finally Convince Americans to	13
Finally Convince Americans to Buy	13
all the way down to	13
the Democratic Republic of Congo	13
think pieces What Really Happened	13
WASHINGTON Reuters The United States	13
it in the discussions below	13
the French satirical magazine Charlie	13
Ferris Bueller s Day Off	13
Science Graphic of the Week	13
New Era for Mercedes Sports	13
keep up to date with	13
to the Wall Street Journal	13
a New Era for Mercedes	13
it will be interesting to	13
at the center of the	13
s decision not to indict	13
Heralds a New Era for	13
of al Qaeda in the	13
WIRED com 2015 Cond Nast	13
I don t have a	13
S Heralds a New Era	13
had nothing to do with	13
I m going to be	13
com 2015 Cond Nast All	13
2015 Cond Nast All rights	13
comes at a time when	13
of the world s largest	13
It s the kind of	13
GT S Heralds a New	13
the call for contenders thread	13
from the call for contenders	13
Glorious GT S Heralds a	13
to make the case for	13
they will be able to	13
of Buddhist Altar for a	13
Kind of Buddhist Altar for	13
not be the best way	13
re not going to be	13
We re in the process	13
in the back of the	13
List Great Gifts Between 150	13
to the size of a	13
This post originally appeared on	13
other parts of the world	13
Great Gifts Between 150 and	13
44 7624 800 100 international	13
said it was important to	13
according to a new report	13
Samsung s Giant New Silicon	13
s Giant New Silicon Valley	13
Giant New Silicon Valley HQ	13
for People Who Can t	13
something to do with the	13
Buddhist Altar for a Changing	13
a look at some of	13
to make the most of	13
for those of us who	13
Silicon Valley HQ Is Almost	13
This article first appeared on	13
and is republished here under	13
is republished here under Creative	13
that may or may not	13
over the next five years	13
end of the Cold War	13
the end of the Cold	13
You can read more about	13
have no choice but to	13
s not to say that	13
Designed to Tweak Taste BudsThe	13
to Tweak Taste BudsThe Locales	13
at the base of the	13
Tweak Taste BudsThe Locales That	13
Taste BudsThe Locales That Rappers	13
on the wrong side of	13
BudsThe Locales That Rappers Name	13
aren t the only ones	13
there is a lot of	13
7624 800 100 international Or	13
all the way to the	13
I don t think of	13
for more than two years	13
over the past two years	13
that doesn t mean you	13
When it comes to the	13
800 100 international Or you	13
100 international Or you can	13
didn t want to be	13
a hell of a lot	13
international Or you can upload	13
but I don t think	13
Or you can upload here	13
Here s a look at	13
the Gallery of Fluid Motion	13
reading the main story The	13
if you ve got a	13
There s no shortage of	13
Gifts Between 150 and 250	13
can be used as a	13
if you re looking to	13
said in a statement We	13
This is one of the	13
the White House and the	13
And if you don t	13
U S House of Representatives	13
stock but you can still	13
of an unarmed black teenager	13
Russian Foreign Minister Sergei Lavrov	13
of stock but you can	13
know what you think of	13
he said in a statement	13
more than half of the	13
you re going to need	12
Amazon We work together with	12
to date with incidents and	12
Expand the gallery to widescreen	12
I Will Make You a	12
and make your case for	12
declared a state of emergency	12
Electronics Show in Las Vegas	12
a statement on its website	12
on the part of the	12
of the Gallery of Fluid	12
the gallery to widescreen for	12
is and make your case	12
killings of unarmed black men	12
alternative is and make your	12
preferred alternative is and make	12
your preferred alternative is and	12
what your preferred alternative is	12
know what your preferred alternative	12
us know what your preferred	12
Consumer Electronics Show in Las	12
let us know what your	12
The Met Office has issued	12
Lib Dem leader Nick Clegg	12
of the Troubles and welfare	12
five let us know what	12
top five let us know	12
the top five let us	12
about the top five let	12
complain about the top five	12
just complain about the top	12
t just complain about the	12
legacy of the Troubles and	12
a safe bet it ll	12
Don t just complain about	12
week Don t just complain	12
s a safe bet it	12
see in your news feed	12
the week Don t just	12
the first time since the	12
parades the legacy of the	12
all We work together with	12
flags parades the legacy of	12
the European Court of Human	12
in the week Don t	12
earlier in the week Don	12
in the north of the	12
at all We work together	12
Twitter at all We work	12
in Twitter at all We	12
don t want to see	12
is believed to be the	12
the Bank of England s	12
militants in Iraq and Syria	12
journalist Send your pictures and	12
BBC journalist Send your pictures	12
nominations from the call for	12
Senior Airman Christina D Ponte	12
popular nominations from the call	12
most popular nominations from the	12
National Oceanic and Atmospheric Administration	12
your most popular nominations from	12
photo Senior Airman Christina D	12
on your most popular nominations	12
based on your most popular	12
are based on your most	12
five are based on your	12
top five are based on	12
the top five are based	12
Remember the top five are	12
list Remember the top five	12
the list Remember the top	12
in the list Remember the	12
included in the list Remember	12
t included in the list	12
wasn t included in the	12
it wasn t included in	12
if it wasn t included	12
favorite even if it wasn	12
personal favorite even if it	12
your personal favorite even if	12
for your personal favorite even	12
case for your personal favorite	12
the case for your personal	12
make the case for your	12
Will Make You a Star	12
Want to make the case	12
a BBC journalist Send your	12
date with incidents and roadworks	12
the latest on the roads	12
One of the things that	12
to see in your news	12
with incidents and roadworks on	12
how easy it is to	12
told the New York Times	12
Again With Launch of iPhone	12
incidents and roadworks on the	12
and roadworks on the motorways	12
Valley Again With Launch of	12
Silicon Valley Again With Launch	12
Schools Silicon Valley Again With	12
the early days of the	12
re going to have a	12
Metropolitan Transportation Authority Flickr The	12
A Kid Could Do That	12
iPhone 6 and 6 Plus	12
President Abd Rabbu Mansour Hadi	12
want to see in your	12
Lassen Peak and Chaos Crags	12
is being used as a	12
actually want to see in	12
Check Visualized by a RobotAffordable	12
Visualized by a RobotAffordable Housing	12
by a RobotAffordable Housing That	12
a RobotAffordable Housing That Families	12
RobotAffordable Housing That Families Design	12
stage of Rally Dakar 2015	12
latest on the roads visit	12
on the roads visit the	12
you actually want to see	12
that you actually want to	12
a great place to start	12
things that you actually want	12
in the San Francisco Bay	12
State of the Union speech	12
put things that you actually	12
to put things that you	12
The WIRED Store 2014 Opening	12
Here The WIRED Store 2014	12
Were Here The WIRED Store	12
You Were Here The WIRED	12
Force photo Senior Airman Christina	12
Air Force photo Senior Airman	12
S Air Force photo Senior	12
an Al Qaeda affiliated terrorist	12
promise to put things that	12
We promise to put things	12
in a way that s	12
same We promise to put	12
don t have to do	12
Space Prison You Will Ever	12
in Space Prison You Will	12
Women in Space Prison You	12
at the centre of the	12
Gladiator Women in Space Prison	12
About Gladiator Women in Space	12
the same We promise to	12
Comic About Gladiator Women in	12
30 Years of Iconic Criterion	12
do the same We promise	12
told your friends to do	12
and told your friends to	12
The Associated Press reports that	12
us and told your friends	12
Sam Smith originally created the	12
Smith originally created the main	12
originally created the main image	12
created the main image for	12
the main image for Nobuhiko	12
main image for Nobuhiko Obayashi	12
image for Nobuhiko Obayashi s	12
for Nobuhiko Obayashi s horror	12
Nobuhiko Obayashi s horror film	12
Obayashi s horror film as	12
s horror film as a	12
horror film as a short	12
film as a short run	12
as a short run silk	12
a short run silk screen	12
short run silk screen to	12
run silk screen to advertise	12
silk screen to advertise a	12
screen to advertise a midnight	12
to advertise a midnight showing	12
advertise a midnight showing These	12
a midnight showing These are	12
midnight showing These are some	12
showing These are some of	12
liked us and told your	12
are some of the color	12
some of the color variations	12
of the color variations It	12
since become one of the	12
A mural by Greg Lamarche	12
of the most recognizable Criterion	12
the most recognizable Criterion covers	12
